{"cameraMode":{"drawMode":0,"name":"Shaded","section":"Shading Mode"},"sceneLighting":true,"audioPlay":false,"sceneViewState":{"showFog":true,"showMaterialUpdate":false,"showSkybox":true,"showFlares":true,"showImageEffects":true,"showParticleSystems":true},"in2DMode":false,"pivot":{"x":-4.834211349487305,"y":2.822887897491455,"z":0.8047034740447998},"rotation":{"x":-0.261690229177475,"y":0.6245570182800293,"z":-0.23418453335762025,"w":-0.6976311206817627},"size":3.6434154510498049,"orthographic":false}