{"cameraMode":{"drawMode":0,"name":"Shaded","section":"Shading Mode"},"sceneLighting":true,"audioPlay":false,"sceneViewState":{"showFog":true,"showMaterialUpdate":false,"showSkybox":false,"showFlares":true,"showImageEffects":true,"showParticleSystems":true},"in2DMode":false,"pivot":{"x":0.7400000095367432,"y":1.393507480621338,"z":2.509999990463257},"rotation":{"x":-0.10166382789611817,"y":0.78389573097229,"z":-0.1331484615802765,"w":-0.5979289412498474},"size":32.619258880615237,"orthographic":false}