{"cameraMode":{"drawMode":0,"name":"Shaded","section":"Shading Mode"},"sceneLighting":true,"audioPlay":false,"sceneViewState":{"showFog":true,"showMaterialUpdate":false,"showSkybox":true,"showFlares":true,"showImageEffects":true,"showParticleSystems":true},"in2DMode":false,"pivot":{"x":-190.76031494140626,"y":0.23284912109375,"z":-52.19062423706055},"rotation":{"x":-0.10166382789611817,"y":0.78389573097229,"z":-0.1331484615802765,"w":-0.5979289412498474},"size":128.38209533691407,"orthographic":false}