{"cameraMode":{"drawMode":0,"name":"Shaded","section":"Shading Mode"},"sceneLighting":true,"audioPlay":false,"sceneViewState":{"showFog":true,"showMaterialUpdate":false,"showSkybox":true,"showFlares":true,"showImageEffects":true,"showParticleSystems":true},"in2DMode":false,"pivot":{"x":1.051839828491211,"y":1.9772453308105469,"z":2.0013070106506349},"rotation":{"x":-0.04235318303108215,"y":0.6497651934623718,"z":-0.03630238398909569,"w":-0.7581018805503845},"size":5.7422709465026859,"orthographic":false}